,positive,negative,positive_percent,negative_percent
food,873.0,284.0,21.6142609556821,7.03144342659074
staff,1333.0,428.0,33.00321861846992,10.596682347115623
comfort & facilities,1.0,0.0,0.02475860361475613,0.0
value for money,42.0,12.0,1.0398613518197575,0.2971032433770735
