,positive,negative,positive_percent,negative_percent
food,1127.0,30.0,27.902946273830153,0.7427581084426839
staff,1708.0,53.0,42.287694974003465,1.3122059915820747
comfort,303.0,7.0,7.501856895271107,0.17331022530329288
facilities,180.0,3.0,4.456548650656103,0.07427581084426838
value for money,53.0,1.0,1.3122059915820747,0.02475860361475613
