%Positive,%Neutral,%Negative
98.07162534435261,0.4132231404958678,1.5151515151515151
