%Positive,%Neutral,%Negative
98.07162534435261,0.27548209366391185,1.6528925619834711
