%Positive,%Neutral,%Negative
88.52173913043478,1.4492753623188406,10.028985507246377
