%Positive,%Neutral,%Negative
88.92753623188406,0.7536231884057971,10.318840579710145
