,positive,negative,positive_percent,negative_percent
food,536.0,55.0,28.389830508474578,2.9131355932203387
staff,882.0,63.0,46.71610169491525,3.3368644067796613
comfort & facilities,0.0,0.0,0.0,0.0
value for money,12.0,1.0,0.6355932203389831,0.05296610169491525
