,positive,negative,positive_percent,negative_percent
food,554.0,37.0,29.343220338983052,1.9597457627118644
staff,905.0,40.0,47.934322033898304,2.11864406779661
comfort,117.0,6.0,6.197033898305085,0.31779661016949157
facilities,143.0,6.0,7.574152542372882,0.31779661016949157
value for money,12.0,1.0,0.6355932203389831,0.05296610169491525
