,positive,negative,positive_percent,negative_percent
food,27.0,0.0,25.233644859813083,0.0
staff,51.0,2.0,47.66355140186916,1.8691588785046727
comfort & facilities,0.0,0.0,0.0,0.0
value for money,3.0,0.0,2.803738317757009,0.0
