,positive,negative,positive_percent,negative_percent
food,22.0,5.0,20.5607476635514,4.672897196261682
staff,40.0,13.0,37.38317757009346,12.149532710280374
comfort & facilities,0.0,0.0,0.0,0.0
value for money,3.0,0.0,2.803738317757009,0.0
