,positive,negative,positive_percent,negative_percent
food,199.0,27.0,11.796087729697687,1.6004742145820983
staff,448.0,36.0,26.556016597510375,2.133965619442798
comfort,95.0,5.0,5.631298162418495,0.2963841138114997
facilities,80.0,7.0,4.742145820983995,0.4149377593360996
value for money,24.0,1.0,1.4226437462951986,0.05927682276229994
