,positive,negative,positive_percent,negative_percent
food,168.0,58.0,9.95850622406639,3.438055720213397
staff,376.0,108.0,22.28808535862478,6.401896858328393
comfort & facilities,0.0,0.0,0.0,0.0
value for money,22.0,3.0,1.3040901007705987,0.17783046828689983
