,positive,negative,positive_percent,negative_percent
food,276.0,11.0,14.038657171922686,0.5595116988809765
staff,754.0,27.0,38.35198372329604,1.373346897253306
comfort,157.0,2.0,7.985757884028484,0.10172939979654119
facilities,62.0,4.0,3.1536113936927768,0.20345879959308238
value for money,37.0,0.0,1.8819938962360123,0.0
