,positive,negative,positive_percent,negative_percent
food,220.0,67.0,11.190233977619531,3.4079348931841302
staff,600.0,181.0,30.51881993896236,9.206510681586979
comfort & facilities,0.0,0.0,0.0,0.0
value for money,25.0,12.0,1.2716174974567651,0.6103763987792472
