Hotel Name,Peak Value,K-S Test Statistic,P-value
bai_hotel,0.969419508241117,0.6687035065784181,0.0
dusit_thani_mactan,0.9570296097081155,0.5553562416843939,1.0861292315245102e-160
fairfield_by_marriott_cebu,0.9174602022394538,0.4436880632467639,1.941403145604983e-06
jpark_island_resort_and_waterpark,0.9093732708133757,0.4865835732301827,5.494850810201175e-35
seda_ayala_center_cebu,0.9444492063485086,0.583354982438708,7.28034190179917e-184
waterfront_hotel_and_casino,0.8863347852602601,0.4045488056838881,1.3786178664200091e-70
