accuracy,loss,val_accuracy,val_loss
0.5052223205566406,0.9641253352165222,0.6726137399673462,0.7729454636573792
0.6362879872322083,0.7362043857574463,0.7752007246017456,0.5655566453933716
0.7099547386169434,0.5800982713699341,0.5914362072944641,1.2619996070861816
0.7842684388160706,0.46899986267089844,0.7493309378623962,0.778957724571228
0.8492466807365417,0.34979623556137085,0.6645851731300354,1.2164952754974365
