accuracy,loss,val_accuracy,val_loss
0.8134761452674866,0.5397806763648987,0.8296164274215698,0.43081167340278625
0.8496206998825073,0.37189778685569763,0.8331846594810486,0.4588271379470825
0.883980393409729,0.30132174491882324,0.8233720064163208,0.44184836745262146
0.9154395461082458,0.23395684361457825,0.8126672506332397,0.5497968196868896
