accuracy,loss,val_accuracy,val_loss
0.8085675835609436,0.5442306399345398,0.7832292318344116,0.5298347473144531
0.8442659378051758,0.379579097032547,0.8314005136489868,0.44272327423095703
0.8864346146583557,0.30306416749954224,0.8305084705352783,0.49306240677833557
0.8989290595054626,0.26509568095207214,0.819803774356842,0.6150496602058411
0.9248103499412537,0.20818011462688446,0.802854597568512,0.6251373291015625
