accuracy,loss,val_accuracy,val_loss
0.7530693411827087,0.5581130981445312,0.7957181334495544,0.6705432534217834
0.9375981092453003,0.20282776653766632,0.8242640495300293,0.7079817652702332
0.9638142585754395,0.12192653864622116,0.7975022196769714,0.9345130324363708
0.9759992361068726,0.07722918689250946,0.8144513964653015,1.051214575767517
