accuracy,loss,val_accuracy,val_loss
0.38632479310035706,1.0842560529708862,0.751115083694458,0.9579448699951172
0.5025641322135925,0.9974440336227417,0.6859946250915527,0.9710800051689148
0.6649572849273682,0.7338231801986694,0.5941123962402344,0.9153575897216797
0.7897436022758484,0.5172975063323975,0.4942016005516052,1.2249761819839478
0.9059829115867615,0.27750614285469055,0.6726137399673462,1.199388027191162
0.9623931646347046,0.13251759111881256,0.516503095626831,2.0777082443237305
