accuracy,loss,val_accuracy,val_loss
0.5105695724487305,0.9569829106330872,0.7207850217819214,0.7606571912765503
0.6206037402153015,0.7520285844802856,0.7252452969551086,0.6510195136070251
0.6908520460128784,0.6121659278869629,0.688670814037323,0.8046293258666992
0.7440229058265686,0.5042117834091187,0.7279214859008789,0.783693790435791
0.7911012768745422,0.4421137273311615,0.7091882228851318,1.0526161193847656
