accuracy,loss,val_accuracy,val_loss
0.4875127673149109,0.9807049632072449,0.7145406007766724,0.7252078652381897
0.6283538937568665,0.752286434173584,0.5512934923171997,1.0702157020568848
0.6910222172737122,0.608162522315979,0.7109723687171936,0.7471812963485718
0.7492340803146362,0.5019482970237732,0.7475468516349792,0.7166768908500671
0.8063318133354187,0.42070791125297546,0.7091882228851318,1.0419591665267944
0.853681206703186,0.3492887020111084,0.7261373996734619,1.0422794818878174
0.9069724082946777,0.2451552450656891,0.6690455079078674,1.5299500226974487
