accuracy,loss,val_accuracy,val_loss
0.5174972414970398,0.9156916737556458,0.48260483145713806,1.4152581691741943
0.6109805703163147,0.745297372341156,0.4406779706478119,1.597199559211731
0.7106466889381409,0.6002832055091858,0.40499553084373474,1.9830900430679321
0.8299740552902222,0.4045961797237396,0.4478144645690918,2.43509578704834
