,positive,negative,positive_percent,negative_percent
food,114.0,8.0,20.54054054054054,1.4414414414414414
staff,157.0,15.0,28.28828828828829,2.7027027027027026
comfort & facilities,0.0,0.0,0.0,0.0
value for money,5.0,0.0,0.9009009009009009,0.0
