,positive,negative,positive_percent,negative_percent
food,90.0,32.0,16.216216216216218,5.7657657657657655
staff,128.0,44.0,23.063063063063062,7.927927927927928
comfort & facilities,0.0,0.0,0.0,0.0
value for money,4.0,1.0,0.7207207207207207,0.18018018018018017
