,positive,negative,positive_percent,negative_percent
food,547.0,44.0,28.972457627118644,2.330508474576271
staff,891.0,54.0,47.19279661016949,2.860169491525424
comfort & facilities,0.0,0.0,0.0,0.0
value for money,8.0,5.0,0.423728813559322,0.26483050847457623
